gs://your_uri_path/share_video_7322974497089293569_.mp4,ads,0,inf
gs://your_uri_path/share_video_7323367391004544258_.mp4,ads,0,inf
gs://your_uri_path/share_video_7323796217232657665_.mp4,ads,0,inf
gs://your_uri_path/share_video_7324737889093438721_.mp4,ads,0,inf
gs://your_uri_path/share_video_7325471162706808066_.mp4,ads,0,inf
gs://your_uri_path/share_video_7281505949615918382_.mp4,nonads,0,inf
gs://your_uri_path/share_video_7310028237902646574_.mp4,nonads,0,inf
gs://your_uri_path/share_video_7312246844761885998_.mp4,nonads,0,inf
gs://your_uri_path/share_video_7339637604221996330_.mp4,nonads,0,inf
gs://your_uri_path/share_video_7340002263961718059_.mp4,nonads,0,inf
